{
  "project_info": {
    "project_number": "879554873844",
    "firebase_url": "https://uxtcloud-5b059.firebaseio.com",
    "project_id": "uxtcloud-5b059",
    "storage_bucket": "uxtcloud-5b059.appspot.com"
  },
  "client": [
    {
      "client_info": {
        "mobilesdk_app_id": "1:879554873844:android:165d9fe52cc1f4a71351a1",
        "android_client_info": {
          "package_name": "BetChampions.cyb.tips"
        }
      },
      "oauth_client": [
        {
          "client_id": "879554873844-gruov8gvhj8j5t7s1sgc3a0orm0ds3p6.apps.googleusercontent.com",
          "client_type": 3
        }
      ],
      "api_key": [
        {
          "current_key": "AIzaSyD3hS33gov9f52BaJQbGl2-wVPb_pYJ63E"
        }
      ],
      "services": {
        "appinvite_service": {
          "other_platform_oauth_client": [
            {
              "client_id": "879554873844-gruov8gvhj8j5t7s1sgc3a0orm0ds3p6.apps.googleusercontent.com",
              "client_type": 3
            }
          ]
        }
      }
    },
    {
      "client_info": {
        "mobilesdk_app_id": "1:879554873844:android:4cb26cdd2bf9922a1351a1",
        "android_client_info": {
          "package_name": "catho.cyb.churchapp"
        }
      },
      "oauth_client": [
        {
          "client_id": "879554873844-gruov8gvhj8j5t7s1sgc3a0orm0ds3p6.apps.googleusercontent.com",
          "client_type": 3
        }
      ],
      "api_key": [
        {
          "current_key": "AIzaSyD3hS33gov9f52BaJQbGl2-wVPb_pYJ63E"
        }
      ],
      "services": {
        "appinvite_service": {
          "other_platform_oauth_client": [
            {
              "client_id": "879554873844-gruov8gvhj8j5t7s1sgc3a0orm0ds3p6.apps.googleusercontent.com",
              "client_type": 3
            }
          ]
        }
      }
    },
    {
      "client_info": {
        "mobilesdk_app_id": "1:879554873844:android:720b1c6783ee07d21351a1",
        "android_client_info": {
          "package_name": "catho.cyb.mychurch"
        }
      },
      "oauth_client": [
        {
          "client_id": "879554873844-gruov8gvhj8j5t7s1sgc3a0orm0ds3p6.apps.googleusercontent.com",
          "client_type": 3
        }
      ],
      "api_key": [
        {
          "current_key": "AIzaSyD3hS33gov9f52BaJQbGl2-wVPb_pYJ63E"
        }
      ],
      "services": {
        "appinvite_service": {
          "other_platform_oauth_client": [
            {
              "client_id": "879554873844-gruov8gvhj8j5t7s1sgc3a0orm0ds3p6.apps.googleusercontent.com",
              "client_type": 3
            }
          ]
        }
      }
    },
    {
      "client_info": {
        "mobilesdk_app_id": "1:879554873844:android:c88d2625e2eacb331351a1",
        "android_client_info": {
          "package_name": "com.cyb.amaica"
        }
      },
      "oauth_client": [
        {
          "client_id": "879554873844-bf2jr5ce799ao0btjf6vemkrsm9sos06.apps.googleusercontent.com",
          "client_type": 1,
          "android_info": {
            "package_name": "com.cyb.amaica",
            "certificate_hash": "16c3f4cf3ed43da7dbee602df99ff2bad391627e"
          }
        },
        {
          "client_id": "879554873844-gruov8gvhj8j5t7s1sgc3a0orm0ds3p6.apps.googleusercontent.com",
          "client_type": 3
        }
      ],
      "api_key": [
        {
          "current_key": "AIzaSyD3hS33gov9f52BaJQbGl2-wVPb_pYJ63E"
        }
      ],
      "services": {
        "appinvite_service": {
          "other_platform_oauth_client": [
            {
              "client_id": "879554873844-gruov8gvhj8j5t7s1sgc3a0orm0ds3p6.apps.googleusercontent.com",
              "client_type": 3
            }
          ]
        }
      }
    },
    {
      "client_info": {
        "mobilesdk_app_id": "1:879554873844:android:8dfbf3b113b176ed1351a1",
        "android_client_info": {
          "package_name": "com.cyb.callrecoder"
        }
      },
      "oauth_client": [
        {
          "client_id": "879554873844-gruov8gvhj8j5t7s1sgc3a0orm0ds3p6.apps.googleusercontent.com",
          "client_type": 3
        }
      ],
      "api_key": [
        {
          "current_key": "AIzaSyD3hS33gov9f52BaJQbGl2-wVPb_pYJ63E"
        }
      ],
      "services": {
        "appinvite_service": {
          "other_platform_oauth_client": [
            {
              "client_id": "879554873844-gruov8gvhj8j5t7s1sgc3a0orm0ds3p6.apps.googleusercontent.com",
              "client_type": 3
            }
          ]
        }
      }
    },
    {
      "client_info": {
        "mobilesdk_app_id": "1:879554873844:android:59e81d51627f291d1351a1",
        "android_client_info": {
          "package_name": "com.cyb.dating"
        }
      },
      "oauth_client": [
        {
          "client_id": "879554873844-gruov8gvhj8j5t7s1sgc3a0orm0ds3p6.apps.googleusercontent.com",
          "client_type": 3
        }
      ],
      "api_key": [
        {
          "current_key": "AIzaSyD3hS33gov9f52BaJQbGl2-wVPb_pYJ63E"
        }
      ],
      "services": {
        "appinvite_service": {
          "other_platform_oauth_client": [
            {
              "client_id": "879554873844-gruov8gvhj8j5t7s1sgc3a0orm0ds3p6.apps.googleusercontent.com",
              "client_type": 3
            }
          ]
        }
      }
    },
    {
      "client_info": {
        "mobilesdk_app_id": "1:879554873844:android:e944748b6c30adf51351a1",
        "android_client_info": {
          "package_name": "com.cyb.deliveryboy"
        }
      },
      "oauth_client": [
        {
          "client_id": "879554873844-smvpc2uba47qnbjgdtnim3gket29lc1i.apps.googleusercontent.com",
          "client_type": 1,
          "android_info": {
            "package_name": "com.cyb.deliveryboy",
            "certificate_hash": "3b55fdb5f823de9dbfbe15abe6e850917eb774a5"
          }
        },
        {
          "client_id": "879554873844-gruov8gvhj8j5t7s1sgc3a0orm0ds3p6.apps.googleusercontent.com",
          "client_type": 3
        }
      ],
      "api_key": [
        {
          "current_key": "AIzaSyD3hS33gov9f52BaJQbGl2-wVPb_pYJ63E"
        }
      ],
      "services": {
        "appinvite_service": {
          "other_platform_oauth_client": [
            {
              "client_id": "879554873844-gruov8gvhj8j5t7s1sgc3a0orm0ds3p6.apps.googleusercontent.com",
              "client_type": 3
            }
          ]
        }
      }
    },
    {
      "client_info": {
        "mobilesdk_app_id": "1:879554873844:android:b5274744b0d57d611351a1",
        "android_client_info": {
          "package_name": "com.cyb.healthmanager"
        }
      },
      "oauth_client": [
        {
          "client_id": "879554873844-gruov8gvhj8j5t7s1sgc3a0orm0ds3p6.apps.googleusercontent.com",
          "client_type": 3
        }
      ],
      "api_key": [
        {
          "current_key": "AIzaSyD3hS33gov9f52BaJQbGl2-wVPb_pYJ63E"
        }
      ],
      "services": {
        "appinvite_service": {
          "other_platform_oauth_client": [
            {
              "client_id": "879554873844-gruov8gvhj8j5t7s1sgc3a0orm0ds3p6.apps.googleusercontent.com",
              "client_type": 3
            }
          ]
        }
      }
    },
    {
      "client_info": {
        "mobilesdk_app_id": "1:879554873844:android:7eacbfc1c4305ed61351a1",
        "android_client_info": {
          "package_name": "com.cyb.propertyld"
        }
      },
      "oauth_client": [
        {
          "client_id": "879554873844-eusaqu2k664u5e7vu6hc6s6ucq70b2ol.apps.googleusercontent.com",
          "client_type": 1,
          "android_info": {
            "package_name": "com.cyb.propertyld",
            "certificate_hash": "16c3f4cf3ed43da7dbee602df99ff2bad391627e"
          }
        },
        {
          "client_id": "879554873844-gruov8gvhj8j5t7s1sgc3a0orm0ds3p6.apps.googleusercontent.com",
          "client_type": 3
        }
      ],
      "api_key": [
        {
          "current_key": "AIzaSyD3hS33gov9f52BaJQbGl2-wVPb_pYJ63E"
        }
      ],
      "services": {
        "appinvite_service": {
          "other_platform_oauth_client": [
            {
              "client_id": "879554873844-gruov8gvhj8j5t7s1sgc3a0orm0ds3p6.apps.googleusercontent.com",
              "client_type": 3
            }
          ]
        }
      }
    },
    {
      "client_info": {
        "mobilesdk_app_id": "1:879554873844:android:449801d811bd3f7d1351a1",
        "android_client_info": {
          "package_name": "com.cyb.proscreenrecorder"
        }
      },
      "oauth_client": [
        {
          "client_id": "879554873844-gruov8gvhj8j5t7s1sgc3a0orm0ds3p6.apps.googleusercontent.com",
          "client_type": 3
        }
      ],
      "api_key": [
        {
          "current_key": "AIzaSyD3hS33gov9f52BaJQbGl2-wVPb_pYJ63E"
        }
      ],
      "services": {
        "appinvite_service": {
          "other_platform_oauth_client": [
            {
              "client_id": "879554873844-gruov8gvhj8j5t7s1sgc3a0orm0ds3p6.apps.googleusercontent.com",
              "client_type": 3
            }
          ]
        }
      }
    },
    {
      "client_info": {
        "mobilesdk_app_id": "1:879554873844:android:7681adbaaa1b93791351a1",
        "android_client_info": {
          "package_name": "com.cyb.vpn"
        }
      },
      "oauth_client": [
        {
          "client_id": "879554873844-gruov8gvhj8j5t7s1sgc3a0orm0ds3p6.apps.googleusercontent.com",
          "client_type": 3
        }
      ],
      "api_key": [
        {
          "current_key": "AIzaSyD3hS33gov9f52BaJQbGl2-wVPb_pYJ63E"
        }
      ],
      "services": {
        "appinvite_service": {
          "other_platform_oauth_client": [
            {
              "client_id": "879554873844-gruov8gvhj8j5t7s1sgc3a0orm0ds3p6.apps.googleusercontent.com",
              "client_type": 3
            }
          ]
        }
      }
    },
    {
      "client_info": {
        "mobilesdk_app_id": "1:879554873844:android:5e5bd2f885d672521351a1",
        "android_client_info": {
          "package_name": "com.cybfastfood"
        }
      },
      "oauth_client": [
        {
          "client_id": "879554873844-gruov8gvhj8j5t7s1sgc3a0orm0ds3p6.apps.googleusercontent.com",
          "client_type": 3
        }
      ],
      "api_key": [
        {
          "current_key": "AIzaSyD3hS33gov9f52BaJQbGl2-wVPb_pYJ63E"
        }
      ],
      "services": {
        "appinvite_service": {
          "other_platform_oauth_client": [
            {
              "client_id": "879554873844-gruov8gvhj8j5t7s1sgc3a0orm0ds3p6.apps.googleusercontent.com",
              "client_type": 3
            }
          ]
        }
      }
    },
    {
      "client_info": {
        "mobilesdk_app_id": "1:879554873844:android:8ed32e54ffa57c5c1351a1",
        "android_client_info": {
          "package_name": "com.example.fcm"
        }
      },
      "oauth_client": [
        {
          "client_id": "879554873844-gruov8gvhj8j5t7s1sgc3a0orm0ds3p6.apps.googleusercontent.com",
          "client_type": 3
        }
      ],
      "api_key": [
        {
          "current_key": "AIzaSyD3hS33gov9f52BaJQbGl2-wVPb_pYJ63E"
        }
      ],
      "services": {
        "appinvite_service": {
          "other_platform_oauth_client": [
            {
              "client_id": "879554873844-gruov8gvhj8j5t7s1sgc3a0orm0ds3p6.apps.googleusercontent.com",
              "client_type": 3
            }
          ]
        }
      }
    },
    {
      "client_info": {
        "mobilesdk_app_id": "1:879554873844:android:9f189c2f58bba8e21351a1",
        "android_client_info": {
          "package_name": "com.huppypeople.dating"
        }
      },
      "oauth_client": [
        {
          "client_id": "879554873844-6kgasuqfn9j9tq8hjae1gnal4mdc5k2j.apps.googleusercontent.com",
          "client_type": 1,
          "android_info": {
            "package_name": "com.huppypeople.dating",
            "certificate_hash": "16c3f4cf3ed43da7dbee602df99ff2bad391627e"
          }
        },
        {
          "client_id": "879554873844-gruov8gvhj8j5t7s1sgc3a0orm0ds3p6.apps.googleusercontent.com",
          "client_type": 3
        }
      ],
      "api_key": [
        {
          "current_key": "AIzaSyD3hS33gov9f52BaJQbGl2-wVPb_pYJ63E"
        }
      ],
      "services": {
        "appinvite_service": {
          "other_platform_oauth_client": [
            {
              "client_id": "879554873844-gruov8gvhj8j5t7s1sgc3a0orm0ds3p6.apps.googleusercontent.com",
              "client_type": 3
            }
          ]
        }
      }
    },
    {
      "client_info": {
        "mobilesdk_app_id": "1:879554873844:android:08a1532dac1fc9421351a1",
        "android_client_info": {
          "package_name": "com.myresto.android"
        }
      },
      "oauth_client": [
        {
          "client_id": "879554873844-gruov8gvhj8j5t7s1sgc3a0orm0ds3p6.apps.googleusercontent.com",
          "client_type": 3
        }
      ],
      "api_key": [
        {
          "current_key": "AIzaSyD3hS33gov9f52BaJQbGl2-wVPb_pYJ63E"
        }
      ],
      "services": {
        "appinvite_service": {
          "other_platform_oauth_client": [
            {
              "client_id": "879554873844-gruov8gvhj8j5t7s1sgc3a0orm0ds3p6.apps.googleusercontent.com",
              "client_type": 3
            }
          ]
        }
      }
    },
    {
      "client_info": {
        "mobilesdk_app_id": "1:879554873844:android:803932c8210bf0eb1351a1",
        "android_client_info": {
          "package_name": "com.pdf.scanner.docscanner"
        }
      },
      "oauth_client": [
        {
          "client_id": "879554873844-gruov8gvhj8j5t7s1sgc3a0orm0ds3p6.apps.googleusercontent.com",
          "client_type": 3
        }
      ],
      "api_key": [
        {
          "current_key": "AIzaSyD3hS33gov9f52BaJQbGl2-wVPb_pYJ63E"
        }
      ],
      "services": {
        "appinvite_service": {
          "other_platform_oauth_client": [
            {
              "client_id": "879554873844-gruov8gvhj8j5t7s1sgc3a0orm0ds3p6.apps.googleusercontent.com",
              "client_type": 3
            }
          ]
        }
      }
    },
    {
      "client_info": {
        "mobilesdk_app_id": "1:879554873844:android:9b2e8c061f42a44b1351a1",
        "android_client_info": {
          "package_name": "com.uxtcloud.ogm.gtg"
        }
      },
      "oauth_client": [
        {
          "client_id": "879554873844-hi6jdodupicpbarp448it9hpt77dmiis.apps.googleusercontent.com",
          "client_type": 1,
          "android_info": {
            "package_name": "com.uxtcloud.ogm.gtg",
            "certificate_hash": "16c3f4cf3ed43da7dbee602df99ff2bad391627e"
          }
        },
        {
          "client_id": "879554873844-gruov8gvhj8j5t7s1sgc3a0orm0ds3p6.apps.googleusercontent.com",
          "client_type": 3
        }
      ],
      "api_key": [
        {
          "current_key": "AIzaSyD3hS33gov9f52BaJQbGl2-wVPb_pYJ63E"
        }
      ],
      "services": {
        "appinvite_service": {
          "other_platform_oauth_client": [
            {
              "client_id": "879554873844-gruov8gvhj8j5t7s1sgc3a0orm0ds3p6.apps.googleusercontent.com",
              "client_type": 3
            }
          ]
        }
      }
    },
    {
      "client_info": {
        "mobilesdk_app_id": "1:879554873844:android:ad61090d399ba859",
        "android_client_info": {
          "package_name": "com.uxtcloud.web.myapp"
        }
      },
      "oauth_client": [
        {
          "client_id": "879554873844-cmb9r5d13euljuk9930e3843pv1mjtrp.apps.googleusercontent.com",
          "client_type": 1,
          "android_info": {
            "package_name": "com.uxtcloud.web.myapp",
            "certificate_hash": "16c3f4cf3ed43da7dbee602df99ff2bad391627e"
          }
        },
        {
          "client_id": "879554873844-gruov8gvhj8j5t7s1sgc3a0orm0ds3p6.apps.googleusercontent.com",
          "client_type": 3
        }
      ],
      "api_key": [
        {
          "current_key": "AIzaSyD3hS33gov9f52BaJQbGl2-wVPb_pYJ63E"
        }
      ],
      "services": {
        "appinvite_service": {
          "other_platform_oauth_client": [
            {
              "client_id": "879554873844-gruov8gvhj8j5t7s1sgc3a0orm0ds3p6.apps.googleusercontent.com",
              "client_type": 3
            }
          ]
        }
      }
    },
    {
      "client_info": {
        "mobilesdk_app_id": "1:879554873844:android:6c76b5f326b2ccb61351a1",
        "android_client_info": {
          "package_name": "cyb.phillafe.attendance"
        }
      },
      "oauth_client": [
        {
          "client_id": "879554873844-ubdpdn3mu2v4u4opvb65vdag3n4rtlp2.apps.googleusercontent.com",
          "client_type": 1,
          "android_info": {
            "package_name": "cyb.phillafe.attendance",
            "certificate_hash": "3ec39ba2262837a3d6379c1e264a646421524165"
          }
        },
        {
          "client_id": "879554873844-gruov8gvhj8j5t7s1sgc3a0orm0ds3p6.apps.googleusercontent.com",
          "client_type": 3
        }
      ],
      "api_key": [
        {
          "current_key": "AIzaSyD3hS33gov9f52BaJQbGl2-wVPb_pYJ63E"
        }
      ],
      "services": {
        "appinvite_service": {
          "other_platform_oauth_client": [
            {
              "client_id": "879554873844-gruov8gvhj8j5t7s1sgc3a0orm0ds3p6.apps.googleusercontent.com",
              "client_type": 3
            }
          ]
        }
      }
    },
    {
      "client_info": {
        "mobilesdk_app_id": "1:879554873844:android:bae79b59996507541351a1",
        "android_client_info": {
          "package_name": "highodds.cyb.tips"
        }
      },
      "oauth_client": [
        {
          "client_id": "879554873844-gruov8gvhj8j5t7s1sgc3a0orm0ds3p6.apps.googleusercontent.com",
          "client_type": 3
        }
      ],
      "api_key": [
        {
          "current_key": "AIzaSyD3hS33gov9f52BaJQbGl2-wVPb_pYJ63E"
        }
      ],
      "services": {
        "appinvite_service": {
          "other_platform_oauth_client": [
            {
              "client_id": "879554873844-gruov8gvhj8j5t7s1sgc3a0orm0ds3p6.apps.googleusercontent.com",
              "client_type": 3
            }
          ]
        }
      }
    },
    {
      "client_info": {
        "mobilesdk_app_id": "1:879554873844:android:3e857495560e01521351a1",
        "android_client_info": {
          "package_name": "ibv.cyb.verses"
        }
      },
      "oauth_client": [
        {
          "client_id": "879554873844-gruov8gvhj8j5t7s1sgc3a0orm0ds3p6.apps.googleusercontent.com",
          "client_type": 3
        }
      ],
      "api_key": [
        {
          "current_key": "AIzaSyD3hS33gov9f52BaJQbGl2-wVPb_pYJ63E"
        }
      ],
      "services": {
        "appinvite_service": {
          "other_platform_oauth_client": [
            {
              "client_id": "879554873844-gruov8gvhj8j5t7s1sgc3a0orm0ds3p6.apps.googleusercontent.com",
              "client_type": 3
            }
          ]
        }
      }
    },
    {
      "client_info": {
        "mobilesdk_app_id": "1:879554873844:android:5fc05a263b078b1f1351a1",
        "android_client_info": {
          "package_name": "protips.cyb.tips"
        }
      },
      "oauth_client": [
        {
          "client_id": "879554873844-gruov8gvhj8j5t7s1sgc3a0orm0ds3p6.apps.googleusercontent.com",
          "client_type": 3
        }
      ],
      "api_key": [
        {
          "current_key": "AIzaSyD3hS33gov9f52BaJQbGl2-wVPb_pYJ63E"
        }
      ],
      "services": {
        "appinvite_service": {
          "other_platform_oauth_client": [
            {
              "client_id": "879554873844-gruov8gvhj8j5t7s1sgc3a0orm0ds3p6.apps.googleusercontent.com",
              "client_type": 3
            }
          ]
        }
      }
    },
    {
      "client_info": {
        "mobilesdk_app_id": "1:879554873844:android:2f0dfddeb1c94b3b1351a1",
        "android_client_info": {
          "package_name": "rems.cyb.property"
        }
      },
      "oauth_client": [
        {
          "client_id": "879554873844-6fgehibinbqhoc148a2ttee1tgl0gc4u.apps.googleusercontent.com",
          "client_type": 1,
          "android_info": {
            "package_name": "rems.cyb.property",
            "certificate_hash": "16c3f4cf3ed43da7dbee602df99ff2bad391627e"
          }
        },
        {
          "client_id": "879554873844-gruov8gvhj8j5t7s1sgc3a0orm0ds3p6.apps.googleusercontent.com",
          "client_type": 3
        }
      ],
      "api_key": [
        {
          "current_key": "AIzaSyD3hS33gov9f52BaJQbGl2-wVPb_pYJ63E"
        }
      ],
      "services": {
        "appinvite_service": {
          "other_platform_oauth_client": [
            {
              "client_id": "879554873844-gruov8gvhj8j5t7s1sgc3a0orm0ds3p6.apps.googleusercontent.com",
              "client_type": 3
            }
          ]
        }
      }
    },
    {
      "client_info": {
        "mobilesdk_app_id": "1:879554873844:android:4fd738748eadfc351351a1",
        "android_client_info": {
          "package_name": "revision.cyb.materials"
        }
      },
      "oauth_client": [
        {
          "client_id": "879554873844-gruov8gvhj8j5t7s1sgc3a0orm0ds3p6.apps.googleusercontent.com",
          "client_type": 3
        }
      ],
      "api_key": [
        {
          "current_key": "AIzaSyD3hS33gov9f52BaJQbGl2-wVPb_pYJ63E"
        }
      ],
      "services": {
        "appinvite_service": {
          "other_platform_oauth_client": [
            {
              "client_id": "879554873844-gruov8gvhj8j5t7s1sgc3a0orm0ds3p6.apps.googleusercontent.com",
              "client_type": 3
            }
          ]
        }
      }
    },
    {
      "client_info": {
        "mobilesdk_app_id": "1:879554873844:android:2f13651a8f5049561351a1",
        "android_client_info": {
          "package_name": "wsp.cyb.tips"
        }
      },
      "oauth_client": [
        {
          "client_id": "879554873844-hiaj5fiktqpdo1mbk4cumees2jg6vb9d.apps.googleusercontent.com",
          "client_type": 1,
          "android_info": {
            "package_name": "wsp.cyb.tips",
            "certificate_hash": "16c3f4cf3ed43da7dbee602df99ff2bad391627e"
          }
        },
        {
          "client_id": "879554873844-gruov8gvhj8j5t7s1sgc3a0orm0ds3p6.apps.googleusercontent.com",
          "client_type": 3
        }
      ],
      "api_key": [
        {
          "current_key": "AIzaSyD3hS33gov9f52BaJQbGl2-wVPb_pYJ63E"
        }
      ],
      "services": {
        "appinvite_service": {
          "other_platform_oauth_client": [
            {
              "client_id": "879554873844-gruov8gvhj8j5t7s1sgc3a0orm0ds3p6.apps.googleusercontent.com",
              "client_type": 3
            }
          ]
        }
      }
    }
  ],
  "configuration_version": "1"
}